{"cameraMode":{"drawMode":0,"name":"Shaded","section":"Shading Mode"},"sceneLighting":true,"audioPlay":false,"sceneViewState":{"showFog":true,"showMaterialUpdate":false,"showSkybox":true,"showFlares":true,"showImageEffects":true,"showParticleSystems":true,"showVisualEffectGraphs":true,"m_FxEnabled":true},"in2DMode":false,"pivot":{"x":20.87262725830078,"y":3.721686601638794,"z":1.2807393074035645},"rotation":{"x":-0.08271370828151703,"y":-0.006879115477204323,"z":0.0005715839215554297,"w":-0.9965543746948242},"size":1.5964043140411378,"orthographic":false}